venue,venue_full,city,state,lat,lon
M.C.G.,Melbourne Cricket Ground,Melbourne,VIC,-37.82,144.98333333
Docklands,Docklands Stadium (Marvel Stadium),Melbourne,VIC,-37.81638889,144.9475
Adelaide Oval,Adelaide Oval,Adelaide,SA,-34.91555556,138.59611111
Perth Stadium,Perth Stadium (Optus Stadium),Perth,WA,-31.95111111,115.88916667
Gabba,The Gabba,Brisbane,QLD,-27.48583333,153.03805556
Carrara,Carrara Stadium (People First Stadium),Gold Coast,QLD,-28.00638889,153.36722222
S.C.G.,Sydney Cricket Ground,Sydney,NSW,-33.89166667,151.22472222
Subiaco,Subiaco Oval,Perth,WA,-31.94444444,115.83
Kardinia Park,Kardinia Park (GMHBA Stadium),Geelong,VIC,-38.15805556,144.35472222
Sydney Showground,Sydney Showground Stadium (ENGIE Stadium),Sydney,NSW,-33.84305556,151.06777778
York Park,York Park (UTAS Stadium),Launceston,TAS,-41.42583333,147.13888889
Football Park,Football Park (AAMI Stadium),Adelaide,SA,-34.88,138.49555556
Bellerive Oval,Bellerive Oval (Blundstone Arena),Hobart,TAS,-42.87722222,147.37361111
Manuka Oval,Manuka Oval,Canberra,ACT,-35.31805556,149.13472222
Marrara Oval,Marrara Oval (TIO Stadium),Darwin,NT,-12.39916667,130.88722222
Stadium Australia,Stadium Australia,Sydney,NSW,-33.84722222,151.06305556
Eureka Stadium,Eureka Stadium (Mars Stadium),Ballarat,VIC,-37.53944444,143.84805556
Cazaly's Stadium,Cazaly's Stadium,Cairns,QLD,-16.93583333,145.74916667
Traeger Park,Traeger Park,Alice Springs,NT,-23.709,133.8751
Norwood Oval,Norwood Oval,Adelaide,SA,-34.91972222,138.63055556
Barossa Park,Barossa Park (Lyndoch Recreation Park),Lyndoch,SA,-34.59793939,138.88583503
Summit Sports Park,Summit Sport and Recreation Park,Mount Barker,SA,-35.07805556,138.89333333
Hands Oval,Hands Oval,Bunbury,WA,-33.34611111,115.64277778
Blacktown,Blacktown International Sportspark,Sydney,NSW,-33.77138889,150.85361111
Riverway Stadium,Riverway Stadium,Townsville,QLD,-19.31722222,146.73166667
Wellington,Wellington Regional Stadium,Wellington,NZ,-41.27305556,174.78583333
Jiangwan Stadium,Jiangwan Stadium,Shanghai,CHN,31.3068,121.5154
