team,side,games,wins,win_pct
Adelaide,away,162,72.5,44.8
Adelaide,home,166,102.5,61.7
Brisbane Lions,away,164,70.0,42.7
Brisbane Lions,home,165,98.0,59.4
Carlton,away,166,62.0,37.3
Carlton,home,163,68.5,42.0
Collingwood,away,163,94.5,58.0
Collingwood,home,166,96.5,58.1
Essendon,away,165,60.0,36.4
Essendon,home,164,77.5,47.3
Fremantle,away,163,75.0,46.0
Fremantle,home,166,107.5,64.8
Geelong,away,163,91.5,56.1
Geelong,home,165,135.0,81.8
Gold Coast,away,164,34.0,20.7
Gold Coast,home,165,77.0,46.7
Greater Western Sydney,away,165,65.5,39.7
Greater Western Sydney,home,164,91.5,55.8
Hawthorn,away,167,81.5,48.8
Hawthorn,home,162,114.0,70.4
Melbourne,away,165,73.0,44.2
Melbourne,home,164,76.5,46.6
North Melbourne,away,165,51.0,30.9
North Melbourne,home,164,70.0,42.7
Port Adelaide,away,162,77.5,47.8
Port Adelaide,home,167,103.0,61.7
Richmond,away,164,69.5,42.4
Richmond,home,165,96.0,58.2
St Kilda,away,166,62.0,37.3
St Kilda,home,163,76.0,46.6
Sydney,away,166,104.0,62.7
Sydney,home,163,109.0,66.9
West Coast,away,165,58.5,35.5
West Coast,home,164,89.0,54.3
Western Bulldogs,away,165,80.0,48.5
Western Bulldogs,home,164,90.5,55.2
