year,margin
2012,63
2012,44
2012,22
2012,41
2012,69
2012,4
2012,2
2012,49
2012,4
2012,91
2012,25
2012,13
2012,108
2012,18
2012,21
2012,129
2012,92
2012,2
2012,60
2012,59
2012,22
2012,29
2012,17
2012,63
2012,81
2012,56
2012,17
2012,13
2012,30
2012,24
2012,46
2012,65
2012,5
2012,10
2012,36
2012,21
2012,1
2012,8
2012,42
2012,34
2012,18
2012,38
2012,37
2012,10
2012,19
2012,21
2012,67
2012,43
2012,7
2012,35
2012,5
2012,67
2012,37
2012,25
2012,66
2012,50
2012,27
2012,29
2012,58
2012,61
2012,18
2012,40
2012,24
2012,12
2012,2
2012,56
2012,101
2012,38
2012,19
2012,92
2012,69
2012,30
2012,20
2012,62
2012,48
2012,28
2012,26
2012,66
2012,16
2012,58
2012,48
2012,8
2012,65
2012,115
2012,29
2012,6
2012,54
2012,2
2012,92
2012,97
2012,12
2012,12
2012,95
2012,4
2012,46
2012,42
2012,10
2012,4
2012,12
2012,7
2012,65
2012,38
2012,6
2012,58
2012,3
2012,24
2012,78
2012,32
2012,50
2012,29
2012,19
2012,126
2012,84
2012,94
2012,38
2012,61
2012,33
2012,23
2012,2
2012,23
2012,47
2012,58
2012,71
2012,162
2012,14
2012,38
2012,53
2012,34
2012,50
2012,2
2012,13
2012,31
2012,119
2012,72
2012,52
2012,67
2012,47
2012,49
2012,11
2012,28
2012,18
2012,29
2012,4
2012,95
2012,94
2012,27
2012,54
2012,120
2012,4
2012,72
2012,27
2012,76
2012,98
2012,2
2012,54
2012,34
2012,65
2012,48
2012,6
2012,42
2012,22
2012,4
2012,5
2012,25
2012,28
2012,30
2012,36
2012,8
2012,72
2012,70
2012,24
2012,42
2012,96
2012,25
2012,22
2012,10
2012,30
2012,48
2012,82
2012,64
2012,45
2012,128
2012,11
2012,7
2012,12
2012,49
2012,34
2012,53
2012,69
2012,25
2012,34
2012,91
2012,28
2012,32
2012,61
2012,15
2012,0
2012,67
2012,38
2012,29
2012,16
2012,96
2012,10
2012,13
2012,26
2012,5
2012,10
2013,35
2013,28
2013,5
2013,68
2013,30
2013,13
2013,79
2013,16
2013,7
2013,17
2013,41
2013,28
2013,19
2013,148
2013,56
2013,4
2013,17
2013,50
2013,4
2013,39
2013,94
2013,72
2013,16
2013,2
2013,67
2013,55
2013,9
2013,21
2013,42
2013,34
2013,37
2013,38
2013,24
2013,41
2013,52
2013,63
2013,46
2013,16
2013,1
2013,44
2013,32
2013,21
2013,5
2013,28
2013,3
2013,26
2013,39
2013,10
2013,11
2013,45
2013,44
2013,60
2013,61
2013,70
2013,28
2013,41
2013,26
2013,54
2013,27
2013,37
2013,135
2013,60
2013,9
2013,2
2013,10
2013,83
2013,32
2013,6
2013,0
2013,18
2013,34
2013,40
2013,47
2013,48
2013,100
2013,9
2013,13
2013,29
2013,26
2013,1
2013,90
2013,49
2013,94
2013,7
2013,44
2013,52
2013,9
2013,95
2013,68
2013,41
2013,5
2013,59
2013,77
2013,15
2013,4
2013,83
2013,15
2013,38
2013,40
2013,43
2013,75
2013,34
2013,20
2013,18
2013,35
2013,60
2013,38
2013,5
2013,7
2013,22
2013,28
2013,35
2013,41
2013,3
2013,58
2013,86
2013,64
2013,41
2013,4
2013,62
2013,33
2013,6
2013,10
2013,31
2013,30
2013,30
2013,27
2013,45
2013,68
2013,9
2013,12
2013,36
2013,129
2013,31
2013,28
2013,1
2013,19
2013,39
2013,7
2013,19
2013,5
2013,27
2013,2
2013,34
2013,56
2013,43
2013,122
2013,40
2013,22
2013,101
2013,9
2013,22
2013,47
2013,10
2013,37
2013,41
2013,17
2013,31
2013,36
2013,35
2013,4
2013,79
2013,46
2013,23
2013,25
2013,28
2013,13
2013,29
2013,53
2013,9
2013,113
2013,35
2013,10
2013,17
2013,45
2013,60
2013,66
2013,95
2013,59
2013,17
2013,62
2013,68
2013,14
2013,44
2013,6
2013,74
2013,46
2013,121
2013,7
2013,12
2013,71
2013,1
2013,1
2013,39
2013,86
2013,83
2013,11
2013,20
2013,54
2013,15
2013,24
2013,20
2013,16
2013,24
2013,5
2013,25
2013,15
2014,70
2014,32
2014,18
2014,33
2014,38
2014,39
2014,48
2014,17
2014,65
2014,12
2014,4
2014,7
2014,54
2014,48
2014,20
2014,25
2014,93
2014,29
2014,58
2014,2
2014,63
2014,53
2014,11
2014,25
2014,32
2014,7
2014,81
2014,38
2014,23
2014,113
2014,27
2014,75
2014,99
2014,43
2014,86
2014,53
2014,43
2014,35
2014,17
2014,16
2014,14
2014,65
2014,8
2014,28
2014,19
2014,23
2014,3
2014,13
2014,40
2014,3
2014,31
2014,9
2014,66
2014,40
2014,34
2014,145
2014,35
2014,3
2014,79
2014,8
2014,43
2014,5
2014,19
2014,19
2014,18
2014,8
2014,16
2014,111
2014,32
2014,21
2014,50
2014,17
2014,87
2014,32
2014,38
2014,20
2014,113
2014,8
2014,14
2014,45
2014,5
2014,110
2014,86
2014,20
2014,7
2014,50
2014,32
2014,38
2014,7
2014,38
2014,5
2014,44
2014,70
2014,15
2014,8
2014,35
2014,40
2014,28
2014,33
2014,28
2014,20
2014,4
2014,3
2014,36
2014,45
2014,96
2014,8
2014,1
2014,11
2014,72
2014,29
2014,40
2014,9
2014,83
2014,8
2014,33
2014,41
2014,9
2014,53
2014,44
2014,7
2014,4
2014,46
2014,6
2014,23
2014,15
2014,20
2014,25
2014,68
2014,5
2014,63
2014,2
2014,85
2014,28
2014,13
2014,12
2014,66
2014,59
2014,28
2014,12
2014,71
2014,20
2014,64
2014,76
2014,23
2014,58
2014,7
2014,3
2014,7
2014,17
2014,54
2014,10
2014,16
2014,5
2014,22
2014,31
2014,27
2014,53
2014,32
2014,23
2014,62
2014,6
2014,18
2014,75
2014,39
2014,50
2014,2
2014,26
2014,105
2014,23
2014,60
2014,6
2014,71
2014,9
2014,3
2014,10
2014,67
2014,50
2014,64
2014,19
2014,103
2014,7
2014,19
2014,8
2014,23
2014,66
2014,58
2014,63
2014,26
2014,65
2014,0
2014,8
2014,3
2014,62
2014,30
2014,52
2014,79
2014,6
2014,36
2014,24
2014,12
2014,57
2014,6
2014,22
2014,71
2014,3
2014,63
2015,27
2015,26
2015,12
2015,12
2015,10
2015,9
2015,77
2015,7
2015,62
2015,69
2015,19
2015,45
2015,27
2015,28
2015,48
2015,44
2015,2
2015,82
2015,74
2015,21
2015,25
2015,21
2015,79
2015,8
2015,70
2015,9
2015,30
2015,32
2015,40
2015,20
2015,66
2015,8
2015,14
2015,53
2015,16
2015,57
2015,75
2015,9
2015,4
2015,64
2015,60
2015,87
2015,68
2015,2
2015,24
2015,41
2015,35
2015,7
2015,10
2015,41
2015,38
2015,28
2015,9
2015,10
2015,11
2015,46
2015,105
2015,78
2015,43
2015,92
2015,13
2015,5
2015,37
2015,77
2015,53
2015,24
2015,69
2015,4
2015,73
2015,58
2015,39
2015,33
2015,60
2015,53
2015,61
2015,45
2015,13
2015,11
2015,22
2015,17
2015,56
2015,27
2015,9
2015,52
2015,69
2015,38
2015,30
2015,10
2015,63
2015,25
2015,23
2015,7
2015,50
2015,16
2015,42
2015,2
2015,29
2015,20
2015,4
2015,56
2015,72
2015,24
2015,7
2015,18
2015,38
2015,13
2015,6
2015,34
2015,10
2015,10
2015,9
2015,55
2015,11
2015,54
2015,110
2015,36
2015,3
2015,30
2015,9
2015,22
2015,41
2015,56
2015,35
2015,72
2015,21
2015,25
2015,8
2015,15
2015,31
2015,89
2015,42
2015,24
2015,3
2015,16
2015,138
2015,27
2015,45
2015,4
2015,72
2015,13
2015,18
2015,37
2015,52
2015,18
2015,56
2015,37
2015,52
2015,64
2015,0
2015,63
2015,87
2015,21
2015,36
2015,18
2015,64
2015,14
2015,32
2015,14
2015,35
2015,32
2015,37
2015,11
2015,112
2015,37
2015,21
2015,64
2015,36
2015,83
2015,98
2015,24
2015,22
2015,91
2015,89
2015,2
2015,0
2015,87
2015,11
2015,23
2015,77
2015,48
2015,81
2015,72
2015,23
2015,27
2015,37
2015,57
2015,97
2015,54
2015,41
2015,39
2015,8
2015,69
2015,57
2015,63
2015,95
2015,26
2015,3
2015,32
2015,9
2015,7
2015,17
2015,74
2015,26
2015,27
2015,25
2015,46
2016,9
2016,2
2016,61
2016,10
2016,80
2016,65
2016,33
2016,64
2016,30
2016,1
2016,58
2016,13
2016,34
2016,26
2016,57
2016,13
2016,46
2016,60
2016,61
2016,29
2016,36
2016,25
2016,33
2016,54
2016,5
2016,3
2016,69
2016,68
2016,30
2016,3
2016,13
2016,10
2016,36
2016,86
2016,35
2016,31
2016,3
2016,39
2016,38
2016,48
2016,53
2016,47
2016,4
2016,33
2016,69
2016,16
2016,33
2016,39
2016,75
2016,120
2016,35
2016,3
2016,62
2016,15
2016,46
2016,15
2016,44
2016,81
2016,73
2016,18
2016,15
2016,7
2016,77
2016,26
2016,14
2016,41
2016,91
2016,78
2016,1
2016,2
2016,103
2016,32
2016,14
2016,24
2016,75
2016,8
2016,38
2016,67
2016,63
2016,25
2016,46
2016,26
2016,45
2016,48
2016,34
2016,22
2016,38
2016,19
2016,77
2016,21
2016,70
2016,18
2016,38
2016,10
2016,79
2016,38
2016,67
2016,8
2016,88
2016,108
2016,3
2016,83
2016,29
2016,31
2016,32
2016,17
2016,42
2016,46
2016,9
2016,49
2016,17
2016,57
2016,55
2016,27
2016,33
2016,48
2016,42
2016,62
2016,3
2016,26
2016,78
2016,38
2016,40
2016,4
2016,12
2016,22
2016,22
2016,38
2016,32
2016,26
2016,32
2016,10
2016,60
2016,32
2016,11
2016,5
2016,17
2016,19
2016,28
2016,28
2016,48
2016,7
2016,36
2016,79
2016,40
2016,6
2016,24
2016,6
2016,30
2016,15
2016,37
2016,70
2016,19
2016,25
2016,88
2016,19
2016,19
2016,94
2016,23
2016,2
2016,90
2016,82
2016,15
2016,67
2016,29
2016,8
2016,138
2016,14
2016,71
2016,46
2016,66
2016,3
2016,4
2016,39
2016,1
2016,40
2016,70
2016,6
2016,72
2016,4
2016,25
2016,9
2016,9
2016,92
2016,15
2016,71
2016,20
2016,60
2016,40
2016,29
2016,111
2016,24
2016,113
2016,23
2016,37
2016,58
2016,20
2016,1
2016,47
2016,2
2016,36
2016,62
2016,23
2016,36
2016,37
2016,6
2016,22
2017,43
2017,14
2017,30
2017,28
2017,25
2017,2
2017,43
2017,56
2017,42
2017,19
2017,23
2017,24
2017,102
2017,27
2017,19
2017,1
2017,22
2017,89
2017,1
2017,42
2017,11
2017,29
2017,16
2017,17
2017,31
2017,15
2017,86
2017,26
2017,3
2017,2
2017,31
2017,26
2017,65
2017,14
2017,52
2017,86
2017,90
2017,32
2017,67
2017,42
2017,5
2017,38
2017,50
2017,13
2017,18
2017,2
2017,75
2017,19
2017,83
2017,13
2017,41
2017,38
2017,29
2017,76
2017,23
2017,59
2017,23
2017,10
2017,25
2017,5
2017,54
2017,3
2017,37
2017,8
2017,38
2017,19
2017,3
2017,17
2017,41
2017,2
2017,72
2017,42
2017,23
2017,50
2017,3
2017,80
2017,18
2017,61
2017,14
2017,35
2017,2
2017,6
2017,40
2017,35
2017,15
2017,100
2017,45
2017,17
2017,8
2017,51
2017,22
2017,3
2017,16
2017,35
2017,20
2017,46
2017,57
2017,16
2017,57
2017,70
2017,1
2017,4
2017,13
2017,17
2017,9
2017,40
2017,10
2017,57
2017,14
2017,1
2017,31
2017,60
2017,1
2017,3
2017,2
2017,26
2017,31
2017,35
2017,7
2017,12
2017,19
2017,0
2017,13
2017,8
2017,24
2017,9
2017,59
2017,0
2017,37
2017,67
2017,85
2017,67
2017,4
2017,8
2017,32
2017,61
2017,3
2017,70
2017,15
2017,13
2017,46
2017,31
2017,20
2017,30
2017,21
2017,27
2017,23
2017,54
2017,42
2017,52
2017,19
2017,8
2017,30
2017,6
2017,4
2017,12
2017,2
2017,65
2017,33
2017,30
2017,0
2017,68
2017,46
2017,35
2017,8
2017,14
2017,54
2017,23
2017,8
2017,29
2017,84
2017,48
2017,104
2017,14
2017,58
2017,43
2017,17
2017,24
2017,27
2017,27
2017,3
2017,17
2017,11
2017,21
2017,7
2017,33
2017,13
2017,49
2017,104
2017,9
2017,16
2017,51
2017,81
2017,44
2017,115
2017,15
2017,41
2017,29
2017,36
2017,51
2017,65
2017,2
2017,59
2017,67
2017,61
2017,36
2017,48
2018,26
2018,12
2018,25
2018,50
2018,16
2018,34
2018,82
2018,3
2018,29
2018,36
2018,52
2018,34
2018,16
2018,26
2018,16
2018,51
2018,23
2018,1
2018,24
2018,5
2018,37
2018,28
2018,49
2018,16
2018,13
2018,21
2018,15
2018,48
2018,31
2018,93
2018,7
2018,86
2018,80
2018,22
2018,67
2018,47
2018,10
2018,0
2018,10
2018,34
2018,54
2018,28
2018,5
2018,46
2018,49
2018,21
2018,17
2018,33
2018,34
2018,35
2018,48
2018,36
2018,43
2018,8
2018,61
2018,9
2018,23
2018,42
2018,2
2018,55
2018,77
2018,39
2018,7
2018,8
2018,25
2018,13
2018,69
2018,5
2018,14
2018,30
2018,10
2018,21
2018,37
2018,43
2018,40
2018,34
2018,28
2018,59
2018,109
2018,56
2018,47
2018,35
2018,28
2018,18
2018,28
2018,35
2018,15
2018,91
2018,28
2018,30
2018,49
2018,3
2018,85
2018,71
2018,13
2018,54
2018,61
2018,16
2018,14
2018,37
2018,108
2018,71
2018,22
2018,3
2018,42
2018,57
2018,15
2018,57
2018,2
2018,56
2018,18
2018,28
2018,10
2018,53
2018,27
2018,2
2018,20
2018,26
2018,2
2018,21
2018,10
2018,39
2018,11
2018,2
2018,17
2018,55
2018,12
2018,47
2018,65
2018,36
2018,63
2018,54
2018,37
2018,16
2018,11
2018,15
2018,64
2018,33
2018,50
2018,44
2018,2
2018,35
2018,6
2018,9
2018,54
2018,66
2018,24
2018,29
2018,5
2018,2
2018,72
2018,54
2018,22
2018,43
2018,28
2018,42
2018,25
2018,35
2018,13
2018,40
2018,44
2018,59
2018,3
2018,4
2018,3
2018,3
2018,35
2018,2
2018,105
2018,96
2018,58
2018,43
2018,11
2018,74
2018,4
2018,31
2018,14
2018,7
2018,9
2018,29
2018,8
2018,51
2018,133
2018,20
2018,4
2018,4
2018,17
2018,17
2018,9
2018,22
2018,102
2018,3
2018,9
2018,104
2018,9
2018,26
2018,45
2018,23
2018,31
2018,29
2018,49
2018,16
2018,33
2018,10
2018,39
2018,66
2018,5
2019,33
2019,7
2019,26
2019,32
2019,17
2019,44
2019,1
2019,72
2019,82
2019,44
2019,26
2019,11
2019,16
2019,80
2019,52
2019,20
2019,19
2019,3
2019,24
2019,18
2019,19
2019,49
2019,17
2019,22
2019,5
2019,16
2019,5
2019,22
2019,14
2019,4
2019,47
2019,7
2019,12
2019,13
2019,2
2019,5
2019,62
2019,58
2019,42
2019,24
2019,40
2019,22
2019,44
2019,73
2019,23
2019,43
2019,4
2019,16
2019,49
2019,29
2019,41
2019,19
2019,5
2019,58
2019,39
2019,44
2019,5
2019,22
2019,47
2019,23
2019,58
2019,32
2019,17
2019,5
2019,19
2019,16
2019,1
2019,18
2019,20
2019,24
2019,33
2019,25
2019,16
2019,41
2019,1
2019,44
2019,7
2019,5
2019,38
2019,36
2019,93
2019,7
2019,31
2019,25
2019,12
2019,27
2019,23
2019,26
2019,13
2019,1
2019,37
2019,4
2019,83
2019,22
2019,19
2019,2
2019,70
2019,41
2019,61
2019,67
2019,15
2019,27
2019,21
2019,45
2019,41
2019,33
2019,19
2019,4
2019,21
2019,3
2019,23
2019,35
2019,19
2019,14
2019,56
2019,11
2019,9
2019,6
2019,27
2019,6
2019,42
2019,44
2019,25
2019,33
2019,33
2019,4
2019,4
2019,10
2019,92
2019,57
2019,16
2019,91
2019,5
2019,39
2019,20
2019,1
2019,7
2019,31
2019,5
2019,27
2019,95
2019,27
2019,8
2019,48
2019,21
2019,38
2019,24
2019,47
2019,12
2019,1
2019,24
2019,13
2019,27
2019,32
2019,27
2019,27
2019,49
2019,19
2019,1
2019,47
2019,27
2019,10
2019,22
2019,59
2019,2
2019,34
2019,33
2019,22
2019,69
2019,24
2019,18
2019,56
2019,17
2019,47
2019,91
2019,104
2019,55
2019,3
2019,28
2019,10
2019,53
2019,10
2019,1
2019,66
2019,86
2019,32
2019,6
2019,61
2019,70
2019,11
2019,45
2019,5
2019,68
2019,38
2019,72
2019,34
2019,27
2019,43
2019,55
2019,10
2019,58
2019,47
2019,20
2019,3
2019,19
2019,4
2019,89
2020,24
2020,52
2020,6
2020,3
2020,47
2020,32
2020,2
2020,28
2020,27
2020,0
2020,61
2020,12
2020,1
2020,44
2020,75
2020,20
2020,6
2020,39
2020,32
2020,24
2020,11
2020,44
2020,30
2020,2
2020,53
2020,29
2020,28
2020,2
2020,48
2020,26
2020,1
2020,13
2020,37
2020,3
2020,4
2020,18
2020,15
2020,34
2020,37
2020,37
2020,49
2020,20
2020,27
2020,34
2020,27
2020,32
2020,6
2020,33
2020,17
2020,14
2020,17
2020,8
2020,52
2020,22
2020,42
2020,20
2020,32
2020,54
2020,3
2020,43
2020,30
2020,23
2020,5
2020,12
2020,7
2020,7
2020,29
2020,3
2020,66
2020,4
2020,32
2020,41
2020,51
2020,31
2020,63
2020,69
2020,53
2020,9
2020,26
2020,12
2020,13
2020,41
2020,33
2020,51
2020,9
2020,4
2020,4
2020,21
2020,24
2020,22
2020,57
2020,59
2020,16
2020,24
2020,0
2020,41
2020,60
2020,1
2020,56
2020,4
2020,57
2020,35
2020,32
2020,21
2020,33
2020,28
2020,10
2020,12
2020,31
2020,28
2020,2
2020,12
2020,30
2020,16
2020,27
2020,11
2020,26
2020,38
2020,3
2020,24
2020,63
2020,35
2020,15
2020,27
2020,21
2020,9
2020,8
2020,36
2020,14
2020,66
2020,2
2020,14
2020,12
2020,5
2020,45
2020,15
2020,26
2020,64
2020,50
2020,5
2020,16
2020,36
2020,32
2020,22
2020,15
2020,52
2020,19
2020,44
2020,17
2020,51
2020,6
2020,30
2020,16
2020,16
2020,15
2020,3
2020,1
2020,31
2020,68
2020,6
2020,40
2020,31
2021,25
2021,16
2021,22
2021,12
2021,1
2021,31
2021,52
2021,8
2021,25
2021,21
2021,1
2021,33
2021,54
2021,18
2021,59
2021,29
2021,7
2021,31
2021,1
2021,128
2021,10
2021,45
2021,75
2021,37
2021,45
2021,34
2021,5
2021,3
2021,2
2021,19
2021,20
2021,30
2021,11
2021,41
2021,25
2021,15
2021,86
2021,27
2021,2
2021,62
2021,57
2021,28
2021,12
2021,50
2021,30
2021,39
2021,97
2021,40
2021,18
2021,34
2021,51
2021,3
2021,24
2021,54
2021,22
2021,24
2021,67
2021,69
2021,49
2021,2
2021,30
2021,16
2021,59
2021,63
2021,9
2021,2
2021,18
2021,9
2021,49
2021,38
2021,16
2021,24
2021,21
2021,30
2021,7
2021,73
2021,4
2021,19
2021,7
2021,26
2021,30
2021,28
2021,23
2021,34
2021,1
2021,111
2021,2
2021,16
2021,1
2021,72
2021,28
2021,10
2021,64
2021,20
2021,37
2021,16
2021,28
2021,22
2021,46
2021,22
2021,9
2021,5
2021,39
2021,22
2021,28
2021,21
2021,38
2021,27
2021,6
2021,0
2021,4
2021,17
2021,5
2021,50
2021,23
2021,36
2021,13
2021,44
2021,40
2021,12
2021,9
2021,10
2021,11
2021,18
2021,55
2021,10
2021,10
2021,41
2021,9
2021,52
2021,16
2021,34
2021,92
2021,9
2021,29
2021,31
2021,63
2021,62
2021,26
2021,32
2021,1
2021,19
2021,16
2021,10
2021,69
2021,20
2021,13
2021,11
2021,0
2021,18
2021,29
2021,42
2021,26
2021,28
2021,39
2021,49
2021,8
2021,20
2021,19
2021,40
2021,38
2021,13
2021,31
2021,49
2021,20
2021,45
2021,98
2021,12
2021,7
2021,4
2021,27
2021,19
2021,19
2021,33
2021,4
2021,29
2021,19
2021,13
2021,64
2021,9
2021,39
2021,27
2021,14
2021,95
2021,85
2021,14
2021,41
2021,68
2021,15
2021,2
2021,0
2021,87
2021,38
2021,4
2021,14
2021,58
2021,38
2021,44
2021,43
2021,1
2021,33
2021,49
2021,35
2021,1
2021,83
2021,71
2021,74
2022,26
2022,25
2022,17
2022,66
2022,20
2022,11
2022,20
2022,1
2022,27
2022,12
2022,30
2022,42
2022,22
2022,64
2022,13
2022,15
2022,36
2022,10
2022,11
2022,29
2022,4
2022,26
2022,13
2022,108
2022,1
2022,33
2022,55
2022,32
2022,10
2022,11
2022,13
2022,34
2022,38
2022,4
2022,69
2022,30
2022,7
2022,68
2022,63
2022,26
2022,19
2022,67
2022,3
2022,48
2022,12
2022,17
2022,1
2022,84
2022,35
2022,60
2022,52
2022,22
2022,41
2022,11
2022,109
2022,3
2022,59
2022,10
2022,50
2022,1
2022,25
2022,32
2022,24
2022,17
2022,78
2022,27
2022,14
2022,53
2022,75
2022,27
2022,38
2022,48
2022,48
2022,23
2022,69
2022,10
2022,58
2022,36
2022,36
2022,30
2022,74
2022,15
2022,35
2022,19
2022,47
2022,21
2022,32
2022,52
2022,5
2022,36
2022,6
2022,14
2022,42
2022,38
2022,101
2022,67
2022,53
2022,4
2022,16
2022,13
2022,31
2022,62
2022,12
2022,4
2022,14
2022,12
2022,26
2022,13
2022,21
2022,49
2022,26
2022,15
2022,35
2022,23
2022,18
2022,20
2022,43
2022,64
2022,42
2022,10
2022,31
2022,3
2022,51
2022,57
2022,11
2022,2
2022,41
2022,15
2022,9
2022,29
2022,112
2022,5
2022,35
2022,22
2022,8
2022,28
2022,53
2022,7
2022,2
2022,41
2022,55
2022,10
2022,32
2022,63
2022,28
2022,5
2022,40
2022,4
2022,30
2022,17
2022,25
2022,14
2022,48
2022,0
2022,46
2022,33
2022,12
2022,17
2022,10
2022,36
2022,4
2022,28
2022,46
2022,6
2022,73
2022,12
2022,28
2022,29
2022,3
2022,7
2022,48
2022,7
2022,7
2022,27
2022,17
2022,45
2022,38
2022,38
2022,33
2022,16
2022,15
2022,5
2022,29
2022,60
2022,5
2022,24
2022,61
2022,27
2022,84
2022,58
2022,20
2022,67
2022,85
2022,66
2022,56
2022,23
2022,1
2022,14
2022,2
2022,22
2022,6
2022,13
2022,13
2022,20
2022,71
2022,1
2022,81
2023,0
2023,22
2023,5
2023,54
2023,50
2023,49
2023,16
2023,59
2023,15
2023,8
2023,11
2023,71
2023,32
2023,51
2023,1
2023,81
2023,28
2023,19
2023,14
2023,14
2023,19
2023,10
2023,18
2023,31
2023,19
2023,50
2023,41
2023,33
2023,23
2023,39
2023,5
2023,53
2023,2
2023,13
2023,63
2023,82
2023,56
2023,10
2023,44
2023,75
2023,27
2023,14
2023,47
2023,2
2023,6
2023,49
2023,40
2023,21
2023,93
2023,3
2023,22
2023,43
2023,18
2023,13
2023,7
2023,48
2023,1
2023,29
2023,90
2023,108
2023,28
2023,24
2023,1
2023,26
2023,46
2023,26
2023,5
2023,69
2023,15
2023,5
2023,29
2023,30
2023,24
2023,70
2023,17
2023,70
2023,54
2023,42
2023,20
2023,52
2023,65
2023,4
2023,3
2023,45
2023,29
2023,43
2023,1
2023,116
2023,28
2023,12
2023,26
2023,10
2023,7
2023,7
2023,7
2023,50
2023,10
2023,35
2023,17
2023,17
2023,55
2023,63
2023,22
2023,25
2023,6
2023,6
2023,14
2023,22
2023,25
2023,122
2023,15
2023,28
2023,34
2023,4
2023,38
2023,16
2023,70
2023,20
2023,59
2023,21
2023,15
2023,28
2023,171
2023,32
2023,2
2023,67
2023,81
2023,0
2023,66
2023,29
2023,78
2023,4
2023,60
2023,2
2023,8
2023,13
2023,12
2023,81
2023,13
2023,21
2023,33
2023,62
2023,18
2023,53
2023,2
2023,1
2023,46
2023,26
2023,50
2023,77
2023,14
2023,48
2023,38
2023,41
2023,1
2023,71
2023,11
2023,29
2023,2
2023,40
2023,4
2023,8
2023,17
2023,7
2023,5
2023,41
2023,2
2023,47
2023,29
2023,32
2023,5
2023,55
2023,1
2023,28
2023,32
2023,12
2023,11
2023,32
2023,19
2023,3
2023,8
2023,9
2023,24
2023,6
2023,4
2023,101
2023,3
2023,36
2023,51
2023,24
2023,29
2023,4
2023,126
2023,33
2023,1
2023,7
2023,27
2023,16
2023,70
2023,37
2023,35
2023,12
2023,25
2023,45
2023,31
2023,21
2023,32
2023,7
2023,6
2023,24
2023,48
2023,2
2023,23
2023,1
2023,16
2023,4
2024,22
2024,1
2024,39
2024,32
2024,5
2024,33
2024,24
2024,39
2024,8
2024,6
2024,45
2024,50
2024,23
2024,15
2024,19
2024,26
2024,55
2024,30
2024,48
2024,30
2024,65
2024,20
2024,56
2024,35
2024,4
2024,7
2024,76
2024,5
2024,36
2024,15
2024,70
2024,69
2024,26
2024,10
2024,4
2024,28
2024,7
2024,5
2024,22
2024,29
2024,1
2024,2
2024,53
2024,3
2024,75
2024,39
2024,60
2024,3
2024,42
2024,19
2024,26
2024,37
2024,53
2024,45
2024,43
2024,0
2024,54
2024,10
2024,57
2024,13
2024,24
2024,37
2024,76
2024,30
2024,6
2024,29
2024,38
2024,8
2024,6
2024,54
2024,7
2024,34
2024,1
2024,6
2024,48
2024,5
2024,20
2024,68
2024,91
2024,66
2024,0
2024,64
2024,52
2024,4
2024,27
2024,119
2024,17
2024,40
2024,1
2024,35
2024,14
2024,0
2024,29
2024,59
2024,4
2024,12
2024,25
2024,38
2024,99
2024,36
2024,18
2024,27
2024,14
2024,30
2024,92
2024,11
2024,8
2024,43
2024,6
2024,9
2024,3
2024,30
2024,26
2024,38
2024,20
2024,67
2024,48
2024,42
2024,1
2024,22
2024,63
2024,79
2024,27
2024,3
2024,30
2024,20
2024,5
2024,17
2024,1
2024,11
2024,16
2024,45
2024,2
2024,61
2024,61
2024,12
2024,4
2024,48
2024,51
2024,12
2024,51
2024,54
2024,2
2024,11
2024,20
2024,13
2024,79
2024,14
2024,32
2024,17
2024,14
2024,24
2024,13
2024,2
2024,39
2024,72
2024,66
2024,47
2024,41
2024,2
2024,50
2024,19
2024,14
2024,40
2024,28
2024,53
2024,2
2024,35
2024,26
2024,39
2024,66
2024,51
2024,10
2024,13
2024,5
2024,3
2024,112
2024,2
2024,1
2024,85
2024,3
2024,18
2024,5
2024,11
2024,1
2024,2
2024,74
2024,48
2024,39
2024,39
2024,54
2024,9
2024,1
2024,22
2024,18
2024,96
2024,63
2024,65
2024,46
2024,93
2024,28
2024,124
2024,20
2024,31
2024,37
2024,2
2024,20
2024,84
2024,37
2024,6
2024,28
2024,3
2024,5
2024,36
2024,10
2024,60
2025,20
2025,52
2025,13
2025,26
2025,78
2025,4
2025,91
2025,16
2025,63
2025,3
2025,87
2025,20
2025,6
2025,61
2025,72
2025,7
2025,19
2025,59
2025,3
2025,12
2025,8
2025,58
2025,82
2025,9
2025,12
2025,36
2025,38
2025,17
2025,39
2025,1
2025,28
2025,65
2025,81
2025,17
2025,16
2025,19
2025,31
2025,52
2025,71
2025,21
2025,39
2025,61
2025,28
2025,30
2025,52
2025,82
2025,2
2025,10
2025,18
2025,11
2025,8
2025,71
2025,7
2025,20
2025,41
2025,18
2025,45
2025,9
2025,32
2025,38
2025,18
2025,50
2025,3
2025,61
2025,90
2025,60
2025,3
2025,32
2025,14
2025,65
2025,17
2025,14
2025,15
2025,35
2025,8
2025,10
2025,5
2025,2
2025,4
2025,0
2025,8
2025,16
2025,10
2025,34
2025,76
2025,91
2025,4
2025,11
2025,28
2025,14
2025,23
2025,28
2025,33
2025,45
2025,49
2025,66
2025,53
2025,19
2025,18
2025,51
2025,11
2025,3
2025,90
2025,28
2025,43
2025,22
2025,5
2025,44
2025,24
2025,16
2025,10
2025,8
2025,1
2025,72
2025,3
2025,11
2025,95
2025,6
2025,25
2025,34
2025,41
2025,41
2025,11
2025,19
2025,34
2025,7
2025,79
2025,50
2025,9
2025,19
2025,85
2025,29
2025,68
2025,12
2025,49
2025,56
2025,59
2025,41
2025,72
2025,28
2025,20
2025,11
2025,13
2025,37
2025,6
2025,11
2025,26
2025,9
2025,13
2025,36
2025,5
2025,26
2025,48
2025,10
2025,38
2025,31
2025,8
2025,49
2025,31
2025,1
2025,61
2025,24
2025,93
2025,44
2025,66
2025,49
2025,101
2025,98
2025,36
2025,6
2025,88
2025,14
2025,83
2025,84
2025,14
2025,27
2025,9
2025,88
2025,27
2025,64
2025,44
2025,4
2025,2
2025,19
2025,6
2025,54
2025,6
2025,9
2025,2
2025,57
2025,35
2025,54
2025,36
2025,3
2025,48
2025,43
2025,94
2025,34
2025,6
2025,4
2025,13
2025,39
2025,67
2025,11
2025,15
2025,10
2025,95
2025,24
2025,38
2025,19
2025,1
2025,34
2025,53
2025,30
2025,29
2025,47
2026,63
2026,56
2026,27
2026,5
2026,12
2026,4
2026,62
2026,81
2026,10
2026,44
2026,14
2026,46
2026,13
2026,59
2026,17
2026,6
2026,68
2026,4
2026,48
2026,63
2026,17
2026,8
2026,33
2026,33
2026,60
2026,12
2026,2
2026,23
2026,54
2026,10
2026,2
2026,42
2026,128
2026,20
2026,34
2026,1
2026,28
2026,6
2026,26
2026,45
2026,32
2026,40
2026,46
2026,56
2026,14
2026,5
2026,75
2026,41
2026,9
2026,3
2026,1
2026,75
2026,2
2026,56
2026,66
2026,54
2026,49
2026,77
2026,30
2026,14
2026,101
2026,52
2026,7
2026,0
2026,12
2026,1
2026,64
2026,11
2026,49
2026,39
2026,17
2026,20
2026,15
2026,11
2026,2
2026,8
2026,14
2026,29
2026,54
2026,32
2026,37
2026,41
2026,6
2026,25
2026,68
2026,39
2026,12
2026,43
2026,36
2026,17
2026,9
2026,18
2026,30
2026,6
2026,27
2026,10
2026,34
2026,78
2026,3
2026,52
2026,4
2026,114
2026,25
2026,4
2026,49
2026,30
2026,1
2026,6
2026,124
2026,31
2026,6
2026,2
2026,5
2026,8
2026,57
2026,45
2026,45
2026,1
2026,3
2026,35
2026,8
2026,9
2026,16
2026,17
2026,23
2026,26
2026,25
2026,22
2026,43
2026,14
2026,53
2026,34
2026,26
2026,14
2026,51
2026,22
2026,35
2026,25
2026,35
2026,21
2026,6
2026,2
2026,67
2026,21
2026,38
2026,4
2026,14
2026,13
2026,64
2026,79
2026,16
2026,46
2026,90
2026,27
2026,16
2026,28
2026,16
2026,21
2026,24
2026,70
2026,9
2026,3
2026,34
2026,20
2026,70
2026,13
2026,93
2026,51
2026,57
2026,59
2026,31
2026,25
2026,37
2026,19
2026,16
2026,12
2026,76
2026,11
2026,9
2026,72
2026,23
2026,67
2026,4
2026,97
2026,67
2026,9
2026,2
2026,19
2026,44
2026,24
2026,49
2026,15
2026,42
2026,0
2026,76
2026,54
2026,0
2026,36
2026,23
2026,63
2026,37
2026,21
2026,57
2026,56
2026,9
2026,53
2026,62
2026,3
2026,19
2026,32
2026,33
2026,53
2026,22
2026,14
2026,53
2026,12
2026,9
2026,7
