team,abbr,state,home_venue,colour
Adelaide,ADE,SA,Adelaide Oval,#002B5C
Brisbane Lions,BRI,QLD,Gabba,#A30046
Carlton,CAR,VIC,M.C.G.,#0E1E2D
Collingwood,COL,VIC,M.C.G.,#000000
Essendon,ESS,VIC,Docklands,#CC2031
Fremantle,FRE,WA,Perth Stadium,#2A1A54
Geelong,GEE,VIC,Kardinia Park,#1C3C63
Gold Coast,GCS,QLD,Carrara,#D93E39
Greater Western Sydney,GWS,NSW,Sydney Showground,#F15C22
Hawthorn,HAW,VIC,M.C.G.,#4D2004
Melbourne,MEL,VIC,M.C.G.,#0F1131
North Melbourne,NOR,VIC,Docklands,#013B9F
Port Adelaide,POR,SA,Adelaide Oval,#008AAB
Richmond,RIC,VIC,M.C.G.,#E5B800
St Kilda,STK,VIC,Docklands,#ED0F05
Sydney,SYD,NSW,S.C.G.,#ED171F
West Coast,WCE,WA,Perth Stadium,#062EE2
Western Bulldogs,WBD,VIC,Docklands,#014896
