year,team,inside_50s,clearances,contested_possessions,tackles,marks,kicks,handballs,marks_inside_50,rebound_50s,goals,rank,premier
2012,Adelaide,52.2,40.2,148.5,58.3,91.0,217.2,133.4,13.4,33.6,15.5,2,0
2012,Brisbane Lions,47.6,36.7,140.3,63.3,85.9,200.1,150.6,9.9,37.1,12.7,13,0
2012,Carlton,53.0,39.4,142.3,69.1,89.8,210.2,146.7,13.4,29.6,13.6,10,0
2012,Collingwood,52.3,38.6,146.3,65.0,91.8,219.2,150.0,12.2,35.7,13.6,4,0
2012,Essendon,55.7,36.3,143.0,61.1,91.0,212.1,140.9,11.5,35.2,13.6,11,0
2012,Fremantle,49.1,36.8,145.4,69.4,94.8,211.3,142.6,11.1,31.3,13.0,7,0
2012,Geelong,55.7,35.8,144.0,71.2,92.4,209.0,147.0,14.3,30.3,14.5,6,0
2012,Gold Coast,42.3,34.1,132.0,54.0,81.2,186.4,154.7,9.7,33.2,9.8,17,0
2012,Greater Western Sydney,38.2,35.4,133.6,58.0,81.3,191.3,151.9,7.5,38.9,8.3,18,0
2012,Hawthorn,59.6,41.6,145.4,67.5,90.2,217.8,157.0,13.3,29.7,17.4,1,0
2012,Melbourne,45.2,33.8,134.1,66.7,83.3,191.0,137.4,9.6,35.4,10.2,16,0
2012,North Melbourne,55.1,38.2,138.1,59.4,86.9,203.2,164.1,11.8,33.1,15.7,8,0
2012,Port Adelaide,45.9,37.8,135.7,59.5,80.8,190.0,150.0,9.0,34.2,11.0,14,0
2012,Richmond,56.5,38.0,145.7,62.0,92.1,213.0,167.7,11.7,29.6,14.1,12,0
2012,St Kilda,53.8,37.3,137.0,67.4,95.4,215.0,142.7,13.2,32.1,15.7,9,0
2012,Sydney,54.4,40.2,151.4,73.2,75.0,204.3,165.0,10.8,37.4,15.0,3,1
2012,West Coast,53.8,38.6,140.8,58.5,94.7,208.5,149.6,11.8,30.2,15.0,5,0
2012,Western Bulldogs,48.3,39.0,142.3,60.7,87.2,202.7,166.9,8.4,33.5,9.9,15,0
2013,Adelaide,53.2,36.9,144.7,58.5,94.8,217.3,150.5,11.2,33.8,13.5,11,0
2013,Brisbane Lions,50.8,35.7,135.1,63.5,82.7,197.1,145.6,10.1,35.5,12.5,12,0
2013,Carlton,52.8,39.8,147.2,63.1,81.0,208.6,131.0,12.9,32.7,13.8,9,0
2013,Collingwood,54.9,35.1,140.2,65.5,97.8,216.7,162.1,14.2,32.1,13.9,6,0
2013,Essendon,54.9,37.4,141.1,60.5,100.6,222.6,153.2,11.8,33.2,14.2,7,0
2013,Fremantle,47.7,36.6,142.7,65.9,97.4,215.6,147.6,11.6,31.8,13.4,3,0
2013,Geelong,57.6,34.2,145.0,66.0,90.9,206.1,164.0,12.5,31.3,15.6,2,0
2013,Gold Coast,49.6,38.1,139.3,60.3,81.5,199.9,151.0,10.4,34.9,12.5,14,0
2013,Greater Western Sydney,39.8,36.3,125.9,59.0,85.0,192.8,141.9,6.7,36.5,10.0,18,0
2013,Hawthorn,55.7,38.3,142.2,64.5,90.4,216.3,157.2,15.1,30.9,16.6,1,1
2013,Melbourne,40.0,32.8,123.7,61.0,82.5,181.8,136.8,7.9,35.3,9.5,17,0
2013,North Melbourne,51.1,39.2,140.5,58.6,93.8,216.4,148.5,12.6,33.1,15.5,10,0
2013,Port Adelaide,51.0,37.4,137.4,66.3,86.3,201.3,160.4,12.9,31.0,13.4,8,0
2013,Richmond,52.3,37.6,136.6,56.0,98.2,220.4,145.6,13.5,33.2,14.1,5,0
2013,St Kilda,46.4,33.8,129.6,56.5,92.6,204.9,153.7,12.0,34.6,11.4,16,0
2013,Sydney,53.6,42.1,155.2,71.1,70.7,203.1,166.0,11.9,36.4,14.5,4,0
2013,West Coast,48.0,39.3,143.1,68.7,87.5,204.2,141.5,12.5,32.5,13.4,13,0
2013,Western Bulldogs,51.0,41.8,149.0,66.1,76.2,198.3,169.4,10.1,32.0,12.9,15,0
2014,Adelaide,55.1,39.2,145.0,62.1,85.1,207.4,159.5,11.0,35.3,14.3,10,0
2014,Brisbane Lions,45.5,36.7,125.0,63.9,85.5,189.2,159.4,8.4,35.5,10.0,15,0
2014,Carlton,47.5,38.2,133.5,61.5,92.3,210.0,131.4,11.7,35.5,12.5,13,0
2014,Collingwood,49.6,34.5,134.8,71.1,85.1,201.4,148.7,11.9,34.1,11.5,11,0
2014,Essendon,53.2,37.5,135.0,65.9,107.4,224.3,160.2,12.2,32.2,11.9,7,0
2014,Fremantle,50.0,39.3,144.3,65.0,88.6,207.0,157.0,11.3,31.9,13.2,4,0
2014,Geelong,52.0,33.9,136.1,69.8,93.5,204.3,157.8,14.0,30.0,13.1,3,0
2014,Gold Coast,49.7,40.1,144.3,66.8,73.1,196.7,147.6,10.0,36.0,12.6,12,0
2014,Greater Western Sydney,46.9,39.5,130.2,68.1,87.3,201.3,155.2,9.1,37.0,11.6,16,0
2014,Hawthorn,55.3,40.9,142.7,62.3,93.2,223.0,173.4,12.8,32.0,16.7,2,1
2014,Melbourne,40.5,34.2,130.2,63.4,88.4,195.6,155.5,8.7,35.0,8.6,17,0
2014,North Melbourne,50.2,38.0,135.4,63.7,90.4,208.7,160.7,10.6,36.6,13.1,6,0
2014,Port Adelaide,56.2,40.3,142.4,69.1,90.3,209.3,163.9,13.8,29.6,14.5,5,0
2014,Richmond,50.2,40.2,136.7,63.6,87.0,207.0,162.9,12.1,34.2,12.4,8,0
2014,St Kilda,43.9,36.3,126.3,64.6,91.7,197.0,146.7,9.9,34.6,9.6,18,0
2014,Sydney,56.2,39.0,147.0,72.4,82.4,209.3,168.7,12.1,34.8,14.0,1,0
2014,West Coast,50.8,38.6,139.5,70.0,89.0,206.3,149.7,10.5,32.1,13.6,9,0
2014,Western Bulldogs,49.2,40.1,142.8,70.4,71.6,191.9,170.0,9.4,31.7,11.7,14,0
2015,Adelaide,55.0,40.6,142.7,60.2,89.7,212.0,147.6,13.4,34.8,14.4,7,0
2015,Brisbane Lions,44.2,40.9,129.1,62.5,89.8,195.5,157.6,10.2,34.0,10.2,17,0
2015,Carlton,44.1,39.5,130.2,56.6,83.5,193.9,148.2,9.3,36.0,10.0,18,0
2015,Collingwood,52.6,39.0,144.5,72.0,83.4,206.5,164.4,13.0,31.6,13.0,12,0
2015,Essendon,49.0,36.5,136.4,66.3,95.6,210.0,167.7,9.5,37.0,10.3,15,0
2015,Fremantle,48.7,42.0,140.5,63.6,93.5,208.8,166.5,10.5,30.4,12.2,1,0
2015,Geelong,49.8,34.6,132.0,68.0,97.1,198.8,166.1,13.5,33.8,13.0,10,0
2015,Gold Coast,45.7,38.8,136.0,65.5,76.2,192.8,130.5,9.4,37.8,10.7,16,0
2015,Greater Western Sydney,49.3,37.6,127.7,67.5,91.8,199.3,164.6,11.8,37.1,12.2,11,0
2015,Hawthorn,56.1,40.4,134.5,65.6,105.2,226.5,168.6,13.8,30.3,16.4,3,1
2015,Melbourne,44.5,37.9,135.2,69.6,81.1,188.5,151.2,9.6,35.2,10.2,13,0
2015,North Melbourne,50.2,39.2,135.7,65.2,86.1,196.8,157.2,12.8,35.0,13.4,8,0
2015,Port Adelaide,52.6,41.8,138.9,72.1,87.5,203.9,159.3,11.7,33.2,13.5,9,0
2015,Richmond,50.1,36.2,136.4,57.5,96.2,211.5,149.9,12.7,33.3,12.8,5,0
2015,St Kilda,50.7,35.1,132.4,69.0,96.4,205.8,157.1,12.0,35.3,11.0,14,0
2015,Sydney,53.9,38.4,139.2,72.1,92.6,208.7,182.9,12.1,34.6,12.8,4,0
2015,West Coast,53.9,39.9,140.4,60.5,89.6,204.6,165.2,13.5,28.8,14.9,2,0
2015,Western Bulldogs,54.8,39.3,139.3,68.4,87.0,202.3,165.9,10.9,33.7,14.1,6,0
2016,Adelaide,57.9,38.5,152.2,68.8,94.8,220.0,171.5,14.3,33.4,16.5,5,0
2016,Brisbane Lions,46.3,36.2,135.1,68.1,72.7,184.2,153.3,10.4,37.3,11.5,17,0
2016,Carlton,50.7,34.8,132.5,66.0,89.9,204.4,164.9,12.0,35.6,10.2,14,0
2016,Collingwood,51.4,34.4,143.5,78.1,89.5,204.5,175.5,11.3,34.5,12.5,12,0
2016,Essendon,46.0,33.5,131.6,64.9,101.7,206.0,176.3,10.3,37.6,9.1,18,0
2016,Fremantle,45.5,36.4,138.0,72.4,85.0,198.8,170.5,9.0,36.5,10.3,16,0
2016,Geelong,57.0,37.7,149.0,69.8,95.1,209.8,172.7,14.6,30.0,14.4,2,0
2016,Gold Coast,48.4,33.1,134.7,69.6,87.3,195.7,160.0,11.7,37.8,11.7,15,0
2016,Greater Western Sydney,58.0,40.8,150.2,68.9,94.2,219.5,169.5,12.5,39.0,15.6,4,0
2016,Hawthorn,53.6,36.5,130.5,71.6,93.2,211.6,157.3,11.8,32.1,14.0,3,0
2016,Melbourne,53.8,38.4,148.5,71.8,81.5,200.3,192.9,12.0,33.5,13.0,11,0
2016,North Melbourne,51.7,37.1,143.1,65.5,85.3,201.1,161.6,11.9,35.0,12.9,8,0
2016,Port Adelaide,54.9,39.2,147.1,76.1,73.9,199.8,161.0,10.3,34.6,13.6,10,0
2016,Richmond,45.7,34.2,136.5,60.1,97.3,208.5,158.8,12.7,36.8,11.2,13,0
2016,St Kilda,52.8,34.5,133.7,66.3,92.2,203.1,174.0,14.4,36.2,13.0,9,0
2016,Sydney,56.2,39.0,163.6,78.8,81.8,212.2,183.4,11.7,41.0,14.5,1,0
2016,West Coast,52.3,37.4,139.8,69.9,86.0,199.9,153.7,13.6,32.0,14.3,6,0
2016,Western Bulldogs,54.7,37.8,150.5,68.7,91.3,212.4,198.4,11.3,31.1,12.5,7,1
2017,Adelaide,57.5,39.6,154.7,71.8,90.9,218.8,173.5,14.6,34.8,15.8,1,0
2017,Brisbane Lions,46.0,36.5,130.8,62.1,94.0,204.6,159.2,9.4,39.2,12.5,18,0
2017,Carlton,46.7,34.3,137.5,69.4,104.0,225.7,134.0,10.9,36.0,10.5,16,0
2017,Collingwood,54.5,37.5,144.2,69.5,105.7,222.6,180.2,12.6,32.5,12.6,13,0
2017,Essendon,51.4,34.3,138.7,64.3,104.3,219.6,177.4,12.3,38.1,13.9,7,0
2017,Fremantle,47.5,36.0,133.4,63.7,90.8,202.5,158.2,9.1,35.5,10.5,14,0
2017,Geelong,53.0,37.2,147.4,76.0,87.0,198.8,184.0,12.6,33.7,13.7,2,0
2017,Gold Coast,48.3,36.3,138.0,61.6,96.4,211.0,176.6,10.3,37.4,11.7,17,0
2017,Greater Western Sydney,54.4,42.2,144.2,70.6,89.0,213.6,171.3,11.7,36.7,13.4,4,0
2017,Hawthorn,48.4,35.1,134.4,69.8,103.4,215.0,178.8,11.0,32.7,12.4,12,0
2017,Melbourne,54.8,37.9,153.2,71.9,85.6,208.4,196.8,11.9,34.9,13.7,9,0
2017,North Melbourne,52.9,36.0,139.6,69.6,83.1,192.4,176.3,12.8,36.0,13.2,15,0
2017,Port Adelaide,59.3,39.0,150.5,69.5,94.6,218.5,160.3,13.4,34.3,14.0,5,0
2017,Richmond,55.8,36.0,144.9,69.7,84.5,210.3,154.4,14.0,35.8,13.2,3,1
2017,St Kilda,52.7,35.8,142.7,69.2,93.2,210.0,188.0,13.0,36.0,12.3,11,0
2017,Sydney,52.6,36.0,146.1,69.3,90.9,209.5,162.3,13.0,37.0,13.7,6,0
2017,West Coast,49.5,37.0,139.4,63.4,99.5,213.8,162.6,11.8,36.6,12.9,8,0
2017,Western Bulldogs,54.7,34.5,144.0,70.4,84.0,203.8,188.6,12.0,33.0,11.8,10,0
2018,Adelaide,52.8,37.4,153.5,64.6,91.5,223.5,159.4,9.5,36.7,12.7,12,0
2018,Brisbane Lions,51.0,37.5,136.0,58.1,99.3,215.1,158.4,11.9,38.0,12.1,15,0
2018,Carlton,45.2,34.8,135.6,63.5,86.8,202.9,144.1,9.2,36.0,8.7,18,0
2018,Collingwood,54.7,38.0,152.7,68.3,92.0,217.6,181.5,11.2,35.8,13.3,3,0
2018,Essendon,53.3,36.8,143.4,66.7,96.5,217.6,164.0,12.2,36.8,12.7,11,0
2018,Fremantle,48.0,35.0,135.9,60.2,91.6,203.0,160.2,9.9,37.5,10.2,14,0
2018,Geelong,53.2,37.3,149.8,66.9,89.5,210.1,170.7,12.0,38.0,13.2,8,0
2018,Gold Coast,47.0,37.5,144.0,69.4,77.4,202.8,137.1,7.5,43.0,8.2,17,0
2018,Greater Western Sydney,53.8,39.3,149.7,67.2,88.5,219.0,158.9,10.6,39.9,12.0,7,0
2018,Hawthorn,54.1,36.5,142.5,68.9,93.0,218.9,157.5,11.8,30.8,12.9,4,0
2018,Melbourne,59.9,38.2,160.0,69.2,86.4,209.6,176.6,14.6,33.0,14.8,5,0
2018,North Melbourne,52.1,34.7,148.6,62.5,82.7,201.4,166.5,11.3,35.1,13.0,9,0
2018,Port Adelaide,53.4,39.5,149.4,70.0,90.4,219.6,156.0,11.2,38.9,11.8,10,0
2018,Richmond,59.0,33.9,148.1,62.3,81.2,207.2,159.5,13.0,34.8,13.8,1,0
2018,St Kilda,51.7,33.2,135.5,60.0,94.0,207.4,181.4,10.7,35.4,10.2,16,0
2018,Sydney,50.0,36.9,147.0,64.7,89.0,210.7,161.0,10.3,43.2,11.8,6,0
2018,West Coast,53.4,36.6,143.8,61.0,101.1,227.2,128.9,11.6,36.7,13.4,2,1
2018,Western Bulldogs,52.0,36.5,139.5,62.9,89.6,207.5,180.1,11.3,36.3,10.2,13,0
2019,Adelaide,50.9,38.0,147.6,63.0,94.5,224.8,168.1,9.9,40.9,11.6,11,0
2019,Brisbane Lions,56.0,41.9,148.4,63.8,89.4,225.5,128.2,10.8,39.2,12.8,2,0
2019,Carlton,47.9,40.3,142.3,62.7,90.5,218.7,134.6,9.7,41.0,10.5,16,0
2019,Collingwood,51.8,36.2,146.6,63.0,104.2,230.2,171.2,12.3,38.0,12.1,4,0
2019,Essendon,50.2,36.3,142.4,61.7,87.6,214.3,153.1,9.3,42.1,11.1,8,0
2019,Fremantle,51.5,37.9,151.8,57.9,85.5,216.0,158.3,10.7,39.5,10.2,13,0
2019,Geelong,52.2,39.2,150.2,66.1,90.4,217.4,147.3,12.1,39.1,12.8,1,0
2019,Gold Coast,45.2,40.0,141.4,64.0,86.8,210.5,133.2,8.8,41.5,8.8,18,0
2019,Greater Western Sydney,51.5,41.6,143.8,63.7,102.7,232.2,146.7,11.2,40.4,12.4,6,0
2019,Hawthorn,52.7,34.4,139.9,64.7,91.7,216.7,151.0,10.8,37.2,11.4,9,0
2019,Melbourne,54.0,38.9,148.8,61.1,87.1,212.0,151.1,11.5,37.7,10.1,17,0
2019,North Melbourne,51.8,36.0,145.5,56.9,81.4,202.7,174.2,12.0,37.4,12.0,12,0
2019,Port Adelaide,58.1,41.3,155.4,64.2,87.8,228.0,167.3,11.8,36.3,11.7,10,0
2019,Richmond,55.8,33.9,137.2,62.8,87.9,212.4,153.4,12.1,38.2,12.9,3,1
2019,St Kilda,50.9,38.1,140.0,64.1,90.8,213.3,147.0,11.5,37.0,10.6,14,0
2019,Sydney,47.7,34.5,138.0,66.2,91.0,218.1,152.8,12.0,44.3,11.3,15,0
2019,West Coast,50.5,39.2,135.8,57.5,99.3,226.4,125.6,10.8,39.4,12.9,5,0
2019,Western Bulldogs,55.4,36.9,141.0,62.2,92.3,223.1,167.1,12.7,37.6,12.5,7,0
2020,Adelaide,36.1,26.7,113.9,53.2,59.2,156.6,125.6,5.7,34.1,6.8,18,0
2020,Brisbane Lions,45.7,31.8,118.3,52.1,75.5,181.3,98.2,9.7,31.1,9.5,2,0
2020,Carlton,44.2,31.4,120.5,52.9,70.6,180.6,100.5,8.8,31.1,8.6,11,0
2020,Collingwood,41.3,29.5,120.8,51.1,70.8,173.8,141.2,7.0,27.4,8.2,8,0
2020,Essendon,39.8,30.2,111.2,49.5,65.9,167.8,134.4,8.3,32.6,8.0,13,0
2020,Fremantle,37.3,28.9,119.4,48.5,72.3,175.2,124.8,8.4,34.2,7.5,12,0
2020,Geelong,43.1,33.7,121.1,51.9,83.6,189.3,120.9,10.7,29.7,10.5,4,0
2020,Gold Coast,41.4,30.4,118.6,48.7,66.9,175.9,109.5,7.0,34.8,8.4,14,0
2020,Greater Western Sydney,38.2,30.8,117.7,52.0,73.2,176.8,121.6,8.0,33.8,8.5,10,0
2020,Hawthorn,39.4,25.7,110.1,48.1,65.9,164.6,123.8,7.6,31.2,8.6,15,0
2020,Melbourne,42.5,28.2,121.0,44.1,71.3,173.8,122.6,9.1,31.0,9.1,9,0
2020,North Melbourne,39.1,29.8,118.6,49.6,63.6,166.6,133.2,7.3,34.0,7.3,17,0
2020,Port Adelaide,46.3,34.6,126.9,57.3,66.3,181.2,127.3,8.5,28.3,9.6,1,0
2020,Richmond,47.0,26.9,116.0,51.6,68.3,170.9,119.4,9.6,31.0,9.6,3,1
2020,St Kilda,41.3,29.8,115.5,47.4,75.1,181.1,111.3,9.2,30.9,9.8,6,0
2020,Sydney,39.3,29.1,118.6,55.0,65.4,175.1,117.6,7.2,37.1,7.5,16,0
2020,West Coast,39.0,31.6,114.7,45.6,78.9,182.4,103.8,8.9,32.5,9.6,5,0
2020,Western Bulldogs,42.8,29.6,117.9,50.3,64.6,166.9,142.8,9.4,29.6,9.3,7,0
2021,Adelaide,49.8,34.9,139.3,56.6,79.9,206.6,147.1,10.0,41.1,10.5,15,0
2021,Brisbane Lions,56.5,39.4,142.6,59.4,92.8,225.2,126.4,12.3,39.8,13.9,4,0
2021,Carlton,50.3,34.0,131.3,53.4,95.4,219.8,129.0,11.7,40.3,11.4,13,0
2021,Collingwood,46.5,32.4,131.2,54.1,107.3,223.0,155.8,11.0,39.9,10.2,17,0
2021,Essendon,52.6,34.4,129.7,57.7,92.4,210.9,155.8,11.9,38.0,12.7,8,0
2021,Fremantle,51.0,36.1,133.9,48.9,90.0,205.5,150.2,11.4,37.8,10.0,11,0
2021,Geelong,52.4,39.1,137.4,56.4,101.3,224.0,157.5,12.6,36.1,11.8,3,0
2021,Gold Coast,48.7,34.2,131.8,62.1,105.0,226.3,130.5,9.3,42.5,9.1,16,0
2021,Greater Western Sydney,49.7,37.1,139.3,59.8,90.6,216.8,145.5,9.7,41.3,11.6,7,0
2021,Hawthorn,48.7,34.5,133.5,60.3,93.3,211.6,167.6,9.9,40.5,10.9,14,0
2021,Melbourne,56.2,37.3,148.6,62.2,89.4,219.4,149.2,12.7,39.3,12.9,1,1
2021,North Melbourne,47.3,33.0,123.1,52.7,99.8,213.2,143.0,10.5,40.3,9.5,18,0
2021,Port Adelaide,53.7,35.2,144.0,61.9,94.4,227.0,155.5,12.0,38.9,12.2,2,0
2021,Richmond,51.4,30.0,129.6,56.2,90.1,204.1,153.0,12.2,37.8,11.5,12,0
2021,St Kilda,50.9,35.0,133.4,62.0,96.7,222.7,146.6,11.7,38.1,10.8,10,0
2021,Sydney,54.0,35.5,138.3,60.7,94.2,223.6,148.7,12.3,38.8,13.2,6,0
2021,West Coast,49.5,36.3,132.6,48.6,107.4,225.8,128.1,11.8,36.1,11.7,9,0
2021,Western Bulldogs,54.7,39.8,143.3,58.1,85.0,214.3,160.7,12.9,36.2,13.0,5,0
2022,Adelaide,50.4,39.5,143.3,67.6,74.6,199.5,151.6,10.0,40.8,11.3,14,0
2022,Brisbane Lions,55.7,39.8,139.9,57.3,94.8,224.1,122.2,11.8,38.4,14.2,6,0
2022,Carlton,54.8,37.6,145.5,56.0,96.2,227.1,156.1,11.1,39.4,12.2,9,0
2022,Collingwood,54.3,35.1,135.6,63.4,81.9,209.4,140.4,10.6,39.9,12.1,4,0
2022,Essendon,50.6,33.8,126.5,50.1,97.7,212.4,149.8,11.9,38.5,11.3,15,0
2022,Fremantle,51.6,37.8,138.8,57.9,94.6,218.5,164.8,9.2,39.4,11.3,5,0
2022,Geelong,57.7,37.6,136.4,58.3,97.6,219.9,154.4,15.0,34.6,14.4,1,1
2022,Gold Coast,55.9,39.2,142.6,59.3,83.4,215.3,110.6,11.3,38.5,12.3,12,0
2022,Greater Western Sydney,49.0,35.5,132.6,60.2,98.5,217.3,147.2,9.7,41.5,10.8,16,0
2022,Hawthorn,49.8,32.5,135.7,59.0,87.2,209.9,141.4,9.8,41.7,11.9,13,0
2022,Melbourne,56.4,37.9,148.4,56.5,86.4,213.7,152.6,11.3,38.1,12.5,2,0
2022,North Melbourne,43.5,36.4,127.7,55.9,84.7,200.1,134.8,8.2,45.5,8.8,18,0
2022,Port Adelaide,52.9,38.1,137.7,60.0,96.1,224.8,156.8,12.8,38.5,11.9,11,0
2022,Richmond,57.2,33.7,135.8,50.0,89.6,214.0,138.2,13.0,39.9,14.5,7,0
2022,St Kilda,49.7,34.9,135.9,57.5,103.0,230.6,144.3,10.5,39.0,11.2,10,0
2022,Sydney,54.3,37.5,139.4,64.9,93.3,222.2,128.5,11.5,39.2,13.4,3,0
2022,West Coast,40.6,34.0,121.8,58.7,98.2,209.8,123.3,9.0,41.1,9.6,17,0
2022,Western Bulldogs,56.3,40.0,139.6,56.4,93.5,218.7,158.6,12.0,37.0,12.8,8,0
2023,Adelaide,54.7,40.0,143.6,67.2,87.9,218.3,145.6,13.2,39.3,13.9,10,0
2023,Brisbane Lions,56.6,42.2,135.7,55.5,98.9,222.9,118.0,13.7,36.3,13.8,2,0
2023,Carlton,53.4,37.8,142.4,61.8,94.0,221.7,154.8,11.4,40.7,11.8,5,0
2023,Collingwood,52.7,36.9,132.4,64.1,90.0,213.5,150.7,12.8,38.5,13.3,1,1
2023,Essendon,50.4,33.7,130.4,57.0,100.9,218.5,154.7,11.8,42.0,11.6,11,0
2023,Fremantle,50.2,37.2,132.1,63.3,92.9,209.6,157.8,11.2,37.9,11.8,14,0
2023,Geelong,53.1,35.5,132.7,61.0,91.4,210.7,134.7,14.5,36.5,13.3,12,0
2023,Gold Coast,51.8,39.4,139.7,58.4,91.0,222.0,119.8,10.7,41.3,11.5,15,0
2023,Greater Western Sydney,55.9,36.2,141.7,61.4,86.2,216.4,165.9,12.7,42.5,12.7,7,0
2023,Hawthorn,50.6,35.1,131.7,56.3,96.7,210.2,176.5,10.9,38.9,10.6,16,0
2023,Melbourne,58.4,37.8,146.4,61.2,83.6,214.3,153.0,12.8,38.4,12.8,4,0
2023,North Melbourne,46.8,36.1,129.0,58.5,86.9,200.1,155.1,9.3,42.3,10.6,17,0
2023,Port Adelaide,56.6,38.3,135.2,60.7,82.9,206.8,129.2,13.1,38.0,13.2,3,0
2023,Richmond,52.7,35.7,135.8,58.7,84.7,212.9,142.9,13.3,43.7,11.5,13,0
2023,St Kilda,52.1,33.8,139.9,63.5,103.1,231.0,160.0,11.0,39.8,11.3,6,0
2023,Sydney,53.4,36.3,139.2,66.8,84.9,214.6,144.4,11.8,41.9,12.8,8,0
2023,West Coast,43.4,34.5,121.1,60.7,89.6,196.7,149.5,8.6,40.7,8.9,18,0
2023,Western Bulldogs,54.0,41.7,140.3,65.4,87.9,214.6,156.3,12.0,37.5,12.0,9,0
2024,Adelaide,49.2,37.9,137.0,63.5,88.0,213.0,147.9,11.0,40.4,12.1,15,0
2024,Brisbane Lions,56.5,40.4,133.6,54.6,110.5,232.6,128.7,13.3,35.8,13.5,5,1
2024,Carlton,51.7,39.6,138.0,63.4,91.4,217.1,142.1,11.2,39.6,13.6,8,0
2024,Collingwood,49.7,37.3,130.5,64.0,81.2,203.7,139.1,11.7,39.2,12.5,9,0
2024,Essendon,55.7,35.5,129.0,59.7,98.9,221.3,159.0,12.2,36.5,12.0,11,0
2024,Fremantle,51.0,39.8,127.0,58.1,93.1,206.4,160.8,12.4,37.5,12.4,10,0
2024,Geelong,54.6,39.0,135.6,63.6,88.0,215.9,134.5,13.4,39.5,14.1,3,0
2024,Gold Coast,56.0,35.6,131.3,59.0,84.7,201.8,145.4,10.6,39.9,12.2,13,0
2024,Greater Western Sydney,50.6,37.4,136.4,67.0,88.3,208.9,163.6,13.1,41.9,13.2,4,0
2024,Hawthorn,53.9,36.7,131.7,60.4,91.0,210.3,149.6,12.8,35.8,13.2,7,0
2024,Melbourne,49.0,34.1,130.7,58.1,94.2,212.8,133.0,11.0,41.7,11.3,14,0
2024,North Melbourne,45.3,36.9,129.4,58.8,88.4,207.5,146.1,9.7,42.1,10.6,17,0
2024,Port Adelaide,54.5,37.5,129.7,64.7,94.8,218.7,125.8,13.1,36.9,11.9,2,0
2024,Richmond,47.9,33.2,121.9,50.5,85.3,199.7,138.5,9.5,41.2,9.2,18,0
2024,St Kilda,49.0,33.8,130.8,59.7,104.6,226.5,137.9,12.5,37.7,11.0,12,0
2024,Sydney,53.4,36.2,129.4,58.3,95.5,220.0,136.0,11.3,39.0,14.0,1,0
2024,West Coast,46.0,35.1,122.6,56.0,84.3,190.9,124.9,10.2,38.1,10.0,16,0
2024,Western Bulldogs,56.5,39.9,135.9,59.4,97.5,216.8,154.1,12.3,35.0,13.4,6,0
2025,Adelaide,53.4,38.2,137.5,64.0,88.7,220.6,128.9,11.7,39.8,14.3,1,0
2025,Brisbane Lions,56.8,41.0,132.6,57.8,104.4,232.1,139.5,11.9,38.0,13.1,3,1
2025,Carlton,53.5,39.3,137.7,63.1,90.1,213.3,144.7,12.0,36.1,11.3,11,0
2025,Collingwood,53.1,36.0,127.2,65.4,88.0,205.0,145.0,13.3,37.2,12.3,4,0
2025,Essendon,46.7,34.1,125.8,57.5,87.5,203.4,164.9,10.0,39.5,9.6,15,0
2025,Fremantle,52.5,38.5,132.6,60.7,76.8,192.9,147.8,10.1,36.8,12.5,6,0
2025,Geelong,56.3,37.9,133.3,64.8,98.6,222.0,129.7,15.7,37.5,15.4,2,0
2025,Gold Coast,56.3,39.6,134.5,61.4,77.8,194.6,157.4,12.2,37.7,13.4,7,0
2025,Greater Western Sydney,51.6,36.8,130.6,60.1,91.4,209.9,152.9,11.5,43.5,13.5,5,0
2025,Hawthorn,52.8,37.2,134.5,62.9,85.2,211.6,155.2,13.8,39.9,13.2,8,0
2025,Melbourne,52.8,36.8,135.2,57.2,94.4,213.0,152.0,10.9,35.3,11.8,14,0
2025,North Melbourne,46.1,40.4,129.0,59.7,83.8,201.7,156.1,10.3,39.8,11.6,16,0
2025,Port Adelaide,49.0,37.8,124.3,60.2,83.0,201.7,143.9,11.7,40.6,10.6,13,0
2025,Richmond,44.1,33.2,121.7,52.0,88.0,194.7,144.0,9.3,41.3,8.9,17,0
2025,St Kilda,48.2,37.7,127.6,62.2,93.4,215.3,143.6,11.6,37.9,11.7,12,0
2025,Sydney,52.3,38.4,129.6,60.1,89.7,212.0,142.4,11.6,38.4,11.5,10,0
2025,West Coast,46.1,31.4,118.5,57.4,76.9,184.0,132.3,9.8,40.8,9.1,18,0
2025,Western Bulldogs,56.4,41.1,135.2,56.5,93.1,215.1,160.8,14.0,35.3,16.0,9,0
2026,Adelaide,52.4,37.0,139.0,66.4,91.5,225.1,144.7,11.5,41.2,14.0,6,0
2026,Brisbane Lions,57.6,39.6,128.6,49.0,108.1,240.5,129.6,13.8,39.3,16.1,3,1
2026,Carlton,51.9,36.4,131.2,55.3,102.8,224.9,163.8,12.7,38.9,12.5,10,0
2026,Collingwood,52.6,34.0,124.5,63.9,95.8,210.0,170.7,12.5,41.6,12.7,9,0
2026,Essendon,45.6,32.3,118.7,53.7,90.0,200.9,154.0,10.3,38.9,10.0,18,0
2026,Fremantle,55.0,36.2,130.7,59.4,88.3,204.4,161.5,13.5,36.9,14.0,1,0
2026,Geelong,58.7,37.5,134.8,58.8,90.6,215.8,157.4,14.0,37.1,15.0,5,0
2026,Gold Coast,53.6,34.1,127.9,54.1,88.7,202.9,163.1,11.4,39.0,12.7,13,0
2026,Greater Western Sydney,53.7,35.6,134.8,61.1,86.4,209.6,172.1,11.6,41.5,13.0,12,0
2026,Hawthorn,56.6,37.2,130.2,58.4,97.6,223.4,157.2,13.3,38.7,14.2,4,0
2026,Melbourne,57.3,36.8,133.9,58.5,85.8,208.2,149.3,13.1,38.6,14.7,7,0
2026,North Melbourne,48.6,35.4,120.6,56.0,100.1,212.8,162.3,14.0,39.8,12.2,14,0
2026,Port Adelaide,50.3,36.4,124.3,54.7,96.0,216.0,124.5,13.1,37.7,11.1,15,0
2026,Richmond,47.0,33.4,121.7,50.7,82.2,191.5,144.3,10.0,40.8,9.1,17,0
2026,St Kilda,52.2,37.3,130.1,56.6,98.7,223.8,166.7,12.8,38.9,12.7,11,0
2026,Sydney,60.4,37.6,138.7,61.5,77.9,205.7,176.6,13.6,41.8,16.2,2,0
2026,West Coast,49.3,34.6,126.8,57.7,83.8,198.0,141.4,9.7,38.0,9.8,16,0
2026,Western Bulldogs,51.0,37.8,127.7,56.7,84.8,207.8,149.4,11.3,39.7,11.8,8,0
